<Product_Recipe>
  <Product_Name>Blank</Product_Name>
  <Averages>1</Averages>
  <Units>mm</Units>
  <Measurement_Calculation />
  <Filter>High Bandwidth</Filter>
  <ProductWindowStart>5</ProductWindowStart>
  <ProductWindowEnd>10</ProductWindowEnd>
  <Channels>
    <PeakStartNum>0</PeakStartNum>
    <ProductWindowStart>5</ProductWindowStart>
    <ProductWindowEnd>700</ProductWindowEnd>
    <FilterEnabled>false</FilterEnabled>
    <FilterBand>Bandpass</FilterBand>
    <FilterOrder>20</FilterOrder>
    <FilterLow>0.15</FilterLow>
    <FilterHigh>0.4</FilterHigh>
    <Apodization>Tukey</Apodization>
    <TukeyParameter>0.1</TukeyParameter>
    <FD_Averages>1</FD_Averages>
    <Cursors>
      <TD_Waveform>Filtered</TD_Waveform>
      <Analysis>None</Analysis>
      <FD>false</FD>
      <FD_Type>PSD_Lin</FD_Type>
      <FD_Padding>_1x</FD_Padding>
      <AlignTo>-1</AlignTo>
      <TD_Start>102.547768</TD_Start>
      <TD_End>132.5709</TD_End>
      <FD_Start>4.97302151</FD_Start>
      <FD_End>5</FD_End>
    </Cursors>
    <Cursors>
      <TD_Waveform>Filtered</TD_Waveform>
      <Analysis>None</Analysis>
      <FD>false</FD>
      <FD_Type>Phase</FD_Type>
      <FD_Padding>_1x</FD_Padding>
      <AlignTo>-1</AlignTo>
      <TD_Start>0</TD_Start>
      <TD_End>699.9</TD_End>
      <FD_Start>0</FD_Start>
      <FD_End>1</FD_End>
    </Cursors>
    <Cursors>
      <TD_Waveform>Filtered</TD_Waveform>
      <Analysis>None</Analysis>
      <FD>false</FD>
      <FD_Type>PSD</FD_Type>
      <FD_Padding>_1x</FD_Padding>
      <AlignTo>-1</AlignTo>
      <TD_Start>0</TD_Start>
      <TD_End>699.9</TD_End>
      <FD_Start>0</FD_Start>
      <FD_End>1</FD_End>
    </Cursors>
    <Cursors>
      <TD_Waveform>Filtered</TD_Waveform>
      <Analysis>None</Analysis>
      <FD>false</FD>
      <FD_Type>PSD</FD_Type>
      <FD_Padding>_1x</FD_Padding>
      <AlignTo>-1</AlignTo>
      <TD_Start>0</TD_Start>
      <TD_End>699.9</TD_End>
      <FD_Start>0</FD_Start>
      <FD_End>1</FD_End>
    </Cursors>
  </Channels>
</Product_Recipe>
<Command_Message>
  <Command>FILTER</Command>
  <Tikhonov>true</Tikhonov>
  <TikhonovParameter>0.01</TikhonovParameter>
  <CPT>true</CPT>
  <CPTParameter>0.400</CPTParameter>
  <FilterType>Bandpass</FilterType>
  <FilterLow>0.0500</FilterLow>
  <FilterHigh>1.5</FilterHigh>
  <Label>High Bandwidth</Label>
  <Wiener>true</Wiener>
</Command_Message>